Type,Name,Account Id,Id,Parent Id,Bid,Bid type,Device desktop,Device tablet,Device mobile,Checkin monday,Checkin tuesday,Checkin wednesday,Checkin thursday,Checkin friday,Checkin saturday,Checkin sunday,Length of stay 1,Length of stay 2,Length of stay 3,Length of stay 4,Length of stay 5,Length of stay 6,Length of stay 7,Length of stay 8,Length of stay 9,Length of stay 10,Length of stay 11,Length of stay 12,Length of stay 13,Length of stay 14,Advance booking window min days 1,Advance booking window multiplier 1,Advance booking window min days 2,Advance booking window multiplier 2,Advance booking window min days 3,Advance booking window multiplier 3,Advance booking window min days 4,Advance booking window multiplier 4,Advance booking window min days 5,Advance booking window multiplier 5,Advance booking window min days 6,Advance booking window multiplier 6,Advance booking window min days 7,Advance booking window multiplier 7,Advance booking window min days 8,Advance booking window multiplier 8,Advance booking window min days 9,Advance booking window multiplier 9,Advance booking window min days 10,Advance booking window multiplier 10,Country AR,Country AU,Country AT,Country BE,Country BR,Country CA,Country CL,Country CN,Country CO,Country DK,Country FI,Country FR,Country DE,Country HK,Country IN,Country ID,Country IE,Country IT,Country MY,Country MX,Country NL,Country NZ,Country NO,Country PE,Country PH,Country SG,Country ES,Country SE,Country CH,Country TW,Country TH,Country UK,Country US,Country VE,Country VN
Format Version,5,,,,,,,,,,,,,,,,,,,,,,,,,,,,,,,,,,,,,,,,,,,,,,,,,,,,,,,,,,,,,,,,,,,,,,,,,,,,,,,,,,,,
Hotel,,[],[],[],,,,,,,,,,,,,,,,,,,,,,,,,,,,,,,,,,,,,,,,,,,,,,,,,,,,,,,,,,,,,,,,,,,,,,,,,,,,,,,,,
Hotel Group,,[],[],[],,,,,,,,,,,,,,,,,,,,,,,,,,,,,,,,,,,,,,,,,,,,,,,,,,,,,,,,,,,,,,,,,,,,,,,,,,,,,,,,,
Hotel Group Association,,[],[],[],,,,,,,,,,,,,,,,,,,,,,,,,,,,,,,,,,,,,,,,,,,,,,,,,,,,,,,,,,,,,,,,,,,,,,,,,,,,,,,,,
